id,severity,languages,id_ori
java.android.best-practice.manifest-usesCleartextTraffic-true,INFO,generic,java.android.best-practice.manifest-security-features.manifest-usesCleartextTraffic-true
java.android.best-practice.manifest-usesCleartextTraffic-ignored-by-nsc,INFO,generic,java.android.best-practice.manifest-security-features.manifest-usesCleartextTraffic-ignored-by-nsc
java.android.security.exported_activity,WARNING,generic,java.android.security.exported_activity.exported_activity
java.aws-lambda.security.tainted-sql-string,ERROR,java,java.aws-lambda.security.tainted-sql-string.tainted-sql-string
java.aws-lambda.security.tainted-sqli,WARNING,java,java.aws-lambda.security.tainted-sqli.tainted-sqli
java.java-jwt.security.java-jwt-hardcoded-secret,WARNING,java,java.java-jwt.security.jwt-hardcode.java-jwt-hardcoded-secret
java.java-jwt.security.java-jwt-none-alg,ERROR,java,java.java-jwt.security.jwt-none-alg.java-jwt-none-alg
java.java-jwt.security.audit.java-jwt-decode-without-verify,WARNING,java,java.java-jwt.security.audit.jwt-decode-without-verify.java-jwt-decode-without-verify
java.jax-rs.security.insecure-resteasy-deserialization,WARNING,java,java.jax-rs.security.insecure-resteasy.insecure-resteasy-deserialization
java.jax-rs.security.default-resteasy-provider-abuse,WARNING,java,java.jax-rs.security.insecure-resteasy.default-resteasy-provider-abuse
java.jax-rs.security.jax-rs-path-traversal,WARNING,java,java.jax-rs.security.jax-rs-path-traversal.jax-rs-path-traversal
java.jboss.security.seam-log-injection,ERROR,java,java.jboss.security.seam-log-injection.seam-log-injection
java.jboss.security.find-sql-string-concatenation,ERROR,java,java.jboss.security.session_sqli.find-sql-string-concatenation
java.jjwt.security.jjwt-none-alg,ERROR,java,java.jjwt.security.jwt-none-alg.jjwt-none-alg
java.lang.correctness.assignment-comparison,ERROR,java,java.lang.correctness.assignment-comparison.assignment-comparison
java.lang.correctness.eqeq,ERROR,java,java.lang.correctness.eqeq.eqeq
java.lang.correctness.hardcoded-conditional,ERROR,java,java.lang.correctness.hardcoded-conditional.hardcoded-conditional
java.lang.correctness.no-string-eqeq,WARNING,java,java.lang.correctness.no-string-eqeq.no-string-eqeq
java.lang.security.do-privileged-use,WARNING,java,java.lang.security.do-privileged-use.do-privileged-use
java.lang.security.httpservlet-path-traversal,ERROR,java,java.lang.security.httpservlet-path-traversal.httpservlet-path-traversal
java.lang.security.insecure-jms-deserialization,WARNING,java,java.lang.security.insecure-jms-deserialization.insecure-jms-deserialization
java.lang.security.jackson-unsafe-deserialization,WARNING,java,java.lang.security.jackson-unsafe-deserialization.jackson-unsafe-deserialization
java.lang.security.java-pattern-from-string-parameter,INFO,java,java.lang.security.java-pattern-from-string-parameter.java-pattern-from-string-parameter
java.lang.security.servletresponse-writer-xss,ERROR,java,java.lang.security.servletresponse-writer-xss.servletresponse-writer-xss
java.lang.security.use-snakeyaml-constructor,WARNING,java,java.lang.security.use-snakeyaml-constructor.use-snakeyaml-constructor
java.lang.security.xmlinputfactory-external-entities-enabled,ERROR,java,java.lang.security.xmlinputfactory-external-entities-enabled.xmlinputfactory-external-entities-enabled
java.lang.security.xmlinputfactory-possible-xxe,WARNING,java,java.lang.security.xmlinputfactory-possible-xxe.xmlinputfactory-possible-xxe
java.lang.security.audit.anonymous-ldap-bind,WARNING,java,java.lang.security.audit.anonymous-ldap-bind.anonymous-ldap-bind
java.lang.security.audit.bad-hexa-conversion,WARNING,java,java.lang.security.audit.bad-hexa-conversion.bad-hexa-conversion
java.lang.security.audit.blowfish-insufficient-key-size,WARNING,java,java.lang.security.audit.blowfish-insufficient-key-size.blowfish-insufficient-key-size
java.lang.security.audit.cbc-padding-oracle,WARNING,java,java.lang.security.audit.cbc-padding-oracle.cbc-padding-oracle
java.lang.security.audit.command-injection-formatted-runtime-call,ERROR,java,java.lang.security.audit.command-injection-formatted-runtime-call.command-injection-formatted-runtime-call
java.lang.security.audit.command-injection-process-builder,ERROR,java,java.lang.security.audit.command-injection-process-builder.command-injection-process-builder
java.lang.security.audit.cookie-missing-httponly,WARNING,java,java.lang.security.audit.cookie-missing-httponly.cookie-missing-httponly
java.lang.security.audit.cookie-missing-secure-flag,WARNING,java,java.lang.security.audit.cookie-missing-secure-flag.cookie-missing-secure-flag
java.lang.security.audit.crlf-injection-logs,WARNING,java,java.lang.security.audit.crlf-injection-logs.crlf-injection-logs
java.lang.security.audit.dangerous-groovy-shell,WARNING,java,java.lang.security.audit.dangerous-groovy-shell.dangerous-groovy-shell
java.lang.security.audit.el-injection,WARNING,java,java.lang.security.audit.el-injection.el-injection
java.lang.security.audit.formatted-sql-string,ERROR,java,java.lang.security.audit.formatted-sql-string.formatted-sql-string
java.lang.security.audit.http-response-splitting,INFO,java,java.lang.security.audit.http-response-splitting.http-response-splitting
java.lang.security.audit.insecure-smtp-connection,WARNING,java,java.lang.security.audit.insecure-smtp-connection.insecure-smtp-connection
java.lang.security.audit.java-reverse-shell,WARNING,java,java.lang.security.audit.java-reverse-shell.java-reverse-shell
java.lang.security.audit.jdbc-sql-formatted-string,WARNING,java,java.lang.security.audit.jdbc-sql-formatted-string.jdbc-sql-formatted-string
java.lang.security.audit.ldap-entry-poisoning,WARNING,java,java.lang.security.audit.ldap-entry-poisoning.ldap-entry-poisoning
java.lang.security.audit.ldap-injection,WARNING,java,java.lang.security.audit.ldap-injection.ldap-injection
java.lang.security.audit.md5-used-as-password,WARNING,java,java.lang.security.audit.md5-used-as-password.md5-used-as-password
java.lang.security.audit.object-deserialization,WARNING,java,java.lang.security.audit.object-deserialization.object-deserialization
java.lang.security.audit.ognl-injection,WARNING,java,java.lang.security.audit.ognl-injection.ognl-injection
java.lang.security.audit.overly-permissive-file-permission,WARNING,java,java.lang.security.audit.overly-permissive-file-permission.overly-permissive-file-permission
java.lang.security.audit.permissive-cors,WARNING,java,java.lang.security.audit.permissive-cors.permissive-cors
java.lang.security.audit.script-engine-injection,WARNING,java,java.lang.security.audit.script-engine-injection.script-engine-injection
java.lang.security.audit.tainted-cmd-from-http-request,ERROR,java,java.lang.security.audit.tainted-cmd-from-http-request.tainted-cmd-from-http-request
java.lang.security.audit.tainted-env-from-http-request,ERROR,java,java.lang.security.audit.tainted-env-from-http-request.tainted-env-from-http-request
java.lang.security.audit.tainted-ldapi-from-http-request,WARNING,java,java.lang.security.audit.tainted-ldapi-from-http-request.tainted-ldapi-from-http-request
java.lang.security.audit.tainted-session-from-http-request,WARNING,java,java.lang.security.audit.tainted-session-from-http-request.tainted-session-from-http-request
java.lang.security.audit.tainted-xpath-from-http-request,WARNING,java,java.lang.security.audit.tainted-xpath-from-http-request.tainted-xpath-from-http-request
java.lang.security.audit.unsafe-reflection,WARNING,java,java.lang.security.audit.unsafe-reflection.unsafe-reflection
java.lang.security.audit.unvalidated-redirect,WARNING,java,java.lang.security.audit.unvalidated-redirect.unvalidated-redirect
java.lang.security.audit.url-rewriting,WARNING,java,java.lang.security.audit.url-rewriting.url-rewriting
java.lang.security.audit.weak-ssl-context,WARNING,java,java.lang.security.audit.weak-ssl-context.weak-ssl-context
java.lang.security.audit.xml-decoder,WARNING,java,java.lang.security.audit.xml-decoder.xml-decoder
java.lang.security.audit.xssrequestwrapper-is-insecure,WARNING,java,java.lang.security.audit.xssrequestwrapper-is-insecure.xssrequestwrapper-is-insecure
java.lang.security.audit.crypto.des-is-deprecated,WARNING,"java,kt",java.lang.security.audit.crypto.des-is-deprecated.des-is-deprecated
java.lang.security.audit.crypto.desede-is-deprecated,WARNING,"java,kt",java.lang.security.audit.crypto.desede-is-deprecated.desede-is-deprecated
java.lang.security.audit.crypto.ecb-cipher,WARNING,java,java.lang.security.audit.crypto.ecb-cipher.ecb-cipher
java.lang.security.audit.crypto.gcm-detection,INFO,java,java.lang.security.audit.crypto.gcm-detection.gcm-detection
java.lang.security.audit.crypto.gcm-nonce-reuse,ERROR,java,java.lang.security.audit.crypto.gcm-nonce-reuse.gcm-nonce-reuse
java.lang.security.audit.crypto.no-null-cipher,WARNING,java,java.lang.security.audit.crypto.no-null-cipher.no-null-cipher
java.lang.security.audit.crypto.no-static-initialization-vector,WARNING,java,java.lang.security.audit.crypto.no-static-initialization-vector.no-static-initialization-vector
java.lang.security.audit.crypto.rsa-no-padding,WARNING,"java,kt",java.lang.security.audit.crypto.rsa-no-padding.rsa-no-padding
java.lang.security.audit.crypto.unencrypted-socket,WARNING,java,java.lang.security.audit.crypto.unencrypted-socket.unencrypted-socket
java.lang.security.audit.crypto.use-of-aes-ecb,WARNING,java,java.lang.security.audit.crypto.use-of-aes-ecb.use-of-aes-ecb
java.lang.security.audit.crypto.use-of-blowfish,WARNING,java,java.lang.security.audit.crypto.use-of-blowfish.use-of-blowfish
java.lang.security.audit.crypto.use-of-default-aes,WARNING,java,java.lang.security.audit.crypto.use-of-default-aes.use-of-default-aes
java.lang.security.audit.crypto.use-of-md5-digest-utils,WARNING,java,java.lang.security.audit.crypto.use-of-md5-digest-utils.use-of-md5-digest-utils
java.lang.security.audit.crypto.use-of-md5,WARNING,java,java.lang.security.audit.crypto.use-of-md5.use-of-md5
java.lang.security.audit.crypto.use-of-rc2,WARNING,java,java.lang.security.audit.crypto.use-of-rc2.use-of-rc2
java.lang.security.audit.crypto.use-of-rc4,WARNING,java,java.lang.security.audit.crypto.use-of-rc4.use-of-rc4
java.lang.security.audit.crypto.use-of-sha1,WARNING,java,java.lang.security.audit.crypto.use-of-sha1.use-of-sha1
java.lang.security.audit.crypto.use-of-sha224,WARNING,java,java.lang.security.audit.crypto.use-of-sha224.use-of-sha224
java.lang.security.audit.crypto.weak-random,WARNING,java,java.lang.security.audit.crypto.weak-random.weak-random
java.lang.security.audit.crypto.use-of-weak-rsa-key,WARNING,java,java.lang.security.audit.crypto.weak-rsa.use-of-weak-rsa-key
java.lang.security.audit.crypto.ssl.avoid-implementing-custom-digests,WARNING,java,java.lang.security.audit.crypto.ssl.avoid-implementing-custom-digests.avoid-implementing-custom-digests
java.lang.security.audit.crypto.ssl.defaulthttpclient-is-deprecated,WARNING,java,java.lang.security.audit.crypto.ssl.defaulthttpclient-is-deprecated.defaulthttpclient-is-deprecated
java.lang.security.audit.crypto.ssl.insecure-hostname-verifier,WARNING,java,java.lang.security.audit.crypto.ssl.insecure-hostname-verifier.insecure-hostname-verifier
java.lang.security.audit.crypto.ssl.insecure-trust-manager,WARNING,java,java.lang.security.audit.crypto.ssl.insecure-trust-manager.insecure-trust-manager
java.lang.security.audit.sqli.hibernate-sqli,WARNING,java,java.lang.security.audit.sqli.hibernate-sqli.hibernate-sqli
java.lang.security.audit.sqli.jdbc-sqli,WARNING,java,java.lang.security.audit.sqli.jdbc-sqli.jdbc-sqli
java.lang.security.audit.sqli.jdo-sqli,WARNING,java,java.lang.security.audit.sqli.jdo-sqli.jdo-sqli
java.lang.security.audit.sqli.jpa-sqli,WARNING,java,java.lang.security.audit.sqli.jpa-sqli.jpa-sqli
java.lang.security.audit.sqli.tainted-sql-from-http-request,WARNING,java,java.lang.security.audit.sqli.tainted-sql-from-http-request.tainted-sql-from-http-request
java.lang.security.audit.sqli.turbine-sqli,WARNING,java,java.lang.security.audit.sqli.turbine-sqli.turbine-sqli
java.lang.security.audit.sqli.vertx-sqli,WARNING,java,java.lang.security.audit.sqli.vertx-sqli.vertx-sqli
java.lang.security.audit.xss.no-direct-response-writer,WARNING,java,java.lang.security.audit.xss.no-direct-response-writer.no-direct-response-writer
java.lang.security.audit.xss.jsf.autoescape-disabled,WARNING,regex,java.lang.security.audit.xss.jsf.autoescape-disabled.autoescape-disabled
java.lang.security.audit.xss.jsp.no-scriptlets,WARNING,regex,java.lang.security.audit.xss.jsp.no-scriptlets.no-scriptlets
java.lang.security.audit.xss.jsp.use-escapexml,WARNING,regex,java.lang.security.audit.xss.jsp.use-escapexml.use-escapexml
java.lang.security.audit.xss.jsp.use-jstl-escaping,WARNING,regex,java.lang.security.audit.xss.jsp.use-jstl-escaping.use-jstl-escaping
java.lang.security.audit.xxe.documentbuilderfactory-disallow-doctype-decl-false,ERROR,java,java.lang.security.audit.xxe.documentbuilderfactory-disallow-doctype-decl-false.documentbuilderfactory-disallow-doctype-decl-false
java.lang.security.audit.xxe.documentbuilderfactory-disallow-doctype-decl-missing,ERROR,java,java.lang.security.audit.xxe.documentbuilderfactory-disallow-doctype-decl-missing.documentbuilderfactory-disallow-doctype-decl-missing
java.lang.security.audit.xxe.documentbuilderfactory-external-general-entities-true,ERROR,java,java.lang.security.audit.xxe.documentbuilderfactory-external-general-entities-true.documentbuilderfactory-external-general-entities-true
java.lang.security.audit.xxe.documentbuilderfactory-external-parameter-entities-true,ERROR,java,java.lang.security.audit.xxe.documentbuilderfactory-external-parameter-entities-true.documentbuilderfactory-external-parameter-entities-true
java.lang.security.audit.xxe.saxparserfactory-disallow-doctype-decl-missing,ERROR,java,java.lang.security.audit.xxe.saxparserfactory-disallow-doctype-decl-missing.saxparserfactory-disallow-doctype-decl-missing
java.lang.security.audit.xxe.transformerfactory-dtds-not-disabled,ERROR,java,java.lang.security.audit.xxe.transformerfactory-dtds-not-disabled.transformerfactory-dtds-not-disabled
java.mongodb.security.injection.audit.mongodb-nosqli,WARNING,java,java.mongodb.security.injection.audit.mongodb-nosqli.mongodb-nosqli
java.rmi.security.server-dangerous-class-deserialization,WARNING,java,java.rmi.security.server-dangerous-class-deserialization.server-dangerous-class-deserialization
java.rmi.security.server-dangerous-object-deserialization,ERROR,java,java.rmi.security.server-dangerous-object-deserialization.server-dangerous-object-deserialization
java.servlets.security.cookie-issecure-false,WARNING,java,java.servlets.security.cookie-issecure-false.cookie-issecure-false
java.servlets.security.cookie-setSecure,WARNING,java,java.servlets.security.cookie-setSecure.cookie-setSecure
java.servlets.security.security-constraint-http-method,WARNING,xml,java.servlets.security.security-constraint-http-method.security-constraint-http-method
java.spring.security.unrestricted-request-mapping,WARNING,java,java.spring.security.unrestricted-request-mapping.unrestricted-request-mapping
java.spring.security.audit.spel-injection,WARNING,java,java.spring.security.audit.spel-injection.spel-injection
java.spring.security.audit.spring-actuator-fully-enabled-yaml,WARNING,yaml,java.spring.security.audit.spring-actuator-fully-enabled-yaml.spring-actuator-fully-enabled-yaml
java.spring.security.audit.spring-actuator-fully-enabled,ERROR,generic,java.spring.security.audit.spring-actuator-fully-enabled.spring-actuator-fully-enabled
java.spring.security.audit.spring-actuator-dangerous-endpoints-enabled-yaml,WARNING,yaml,java.spring.security.audit.spring-actuator-non-health-enabled-yaml.spring-actuator-dangerous-endpoints-enabled-yaml
java.spring.security.audit.spring-actuator-dangerous-endpoints-enabled,WARNING,generic,java.spring.security.audit.spring-actuator-non-health-enabled.spring-actuator-dangerous-endpoints-enabled
java.spring.security.audit.spring-csrf-disabled,WARNING,java,java.spring.security.audit.spring-csrf-disabled.spring-csrf-disabled
java.spring.security.audit.spring-jsp-eval,WARNING,generic,java.spring.security.audit.spring-jsp-eval.spring-jsp-eval
java.spring.security.audit.spring-sqli,WARNING,java,java.spring.security.audit.spring-sqli.spring-sqli
java.spring.security.audit.spring-unvalidated-redirect,WARNING,java,java.spring.security.audit.spring-unvalidated-redirect.spring-unvalidated-redirect
java.spring.security.injection.tainted-file-path,ERROR,java,java.spring.security.injection.tainted-file-path.tainted-file-path
java.spring.security.injection.tainted-html-string,ERROR,java,java.spring.security.injection.tainted-html-string.tainted-html-string
java.spring.security.injection.tainted-sql-string,ERROR,java,java.spring.security.injection.tainted-sql-string.tainted-sql-string
java.spring.security.injection.tainted-system-command,ERROR,java,java.spring.security.injection.tainted-system-command.tainted-system-command
java.spring.security.injection.tainted-url-host,ERROR,java,java.spring.security.injection.tainted-url-host.tainted-url-host
java.android.best-practice.nsc-allows-plaintext-traffic,INFO,generic,java.android.best-practice.network-security-config.nsc-allows-plaintext-traffic
java.android.best-practice.nsc-pinning-without-backup,INFO,generic,java.android.best-practice.network-security-config.nsc-pinning-without-backup
java.android.best-practice.nsc-pinning-without-expiration,INFO,generic,java.android.best-practice.network-security-config.nsc-pinning-without-expiration
java.android.best-practice.nsc-allows-user-ca-certs,WARNING,generic,java.android.best-practice.network-security-config.nsc-allows-user-ca-certs
java.android.best-practice.nsc-allows-user-ca-certs-for-domain,WARNING,generic,java.android.best-practice.network-security-config.nsc-allows-user-ca-certs-for-domain
