name,ruleset,priority,description
AbstractClassWithoutAbstractMethod,Best Practices,3,"The abstract class does not contain any abstract methods. An abstract class suggests an incomplete implementation, which is to be completed by subclasses implementing the abstract methods. If the class is intended to be used as a base class only (not to be instantiated directly) a protected constructor can be provided to prevent direct instantiation."
AccessorClassGeneration,Best Practices,3,"Instantiation by way of private constructors from outside the constructor's class often causes the generation of an accessor. A factory method, or non-privatization of the constructor can eliminate this situation. The generated class file is actually an interface. It gives the accessing class the ability to invoke a new hidden package scope constructor that takes the interface as a supplementary parameter. This turns a private constructor effectively into one with package scope, and is challenging to discern. _Note:_ This rule is only executed for Java 10 or lower. Since Java 11, [JEP 181: Nest-Based Access Control](https://openjdk.org/jeps/181) has been implemented. This means that in Java 11 and above accessor classes are not generated anymore."
AccessorMethodGeneration,Best Practices,3,"When accessing private fields / methods from another class, the Java compiler will generate accessor methods with package-private visibility. This adds overhead, and to the dex method count on Android. This situation can be avoided by changing the visibility of the field / method from private to package-private. _Note:_ This rule is only executed for Java 10 or lower. Since Java 11, [JEP 181: Nest-Based Access Control](https://openjdk.org/jeps/181) has been implemented. This means that in Java 11 and above accessor classes are not generated anymore."
ArrayIsStoredDirectly,Best Practices,3,Constructors and methods receiving arrays should clone objects and store the copy. This prevents future changes from the user from affecting the original array.
AvoidMessageDigestField,Best Practices,3,"Declaring a MessageDigest instance as a field make this instance directly available to multiple threads. Such sharing of MessageDigest instances should be avoided if possible since it leads to wrong results if the access is not synchronized correctly. Just create a new instance and use it locally, where you need it. Creating a new instance is easier than synchronizing access to a shared instance."
AvoidPrintStackTrace,Best Practices,3,Avoid printStackTrace(); use a logger call instead.
AvoidReassigningCatchVariables,Best Practices,3,"Reassigning exception variables caught in a catch statement should be avoided because of: 1) If it is needed, multi catch can be easily added and code will still compile. 2) Following the principle of least surprise we want to make sure that a variable caught in a catch statement is always the one thrown in a try block."
AvoidReassigningLoopVariables,Best Practices,3,"Reassigning loop variables can lead to hard-to-find bugs. Prevent or limit how these variables can be changed. In foreach-loops, configured by the `foreachReassign` property: - `deny`: Report any reassignment of the loop variable in the loop body. _This is the default._ - `allow`: Don't check the loop variable. - `firstOnly`: Report any reassignments of the loop variable, except as the first statement in the loop body. _This is useful if some kind of normalization or clean-up of the value before using is permitted, but any other change of the variable is not._ In for-loops, configured by the `forReassign` property: - `deny`: Report any reassignment of the control variable in the loop body. _This is the default._ - `allow`: Don't check the control variable. - `skip`: Report any reassignments of the control variable, except conditional increments/decrements (`++`, `--`, `+=`, `-=`). _This prevents accidental reassignments or unconditional increments of the control variable._"
AvoidReassigningParameters,Best Practices,2,"Reassigning values to incoming parameters of a method or constructor is not recommended, as this can make the code more difficult to understand. The code is often read with the assumption that parameter values don't change and an assignment violates therefore the principle of least astonishment. This is especially a problem if the parameter is documented e.g. in the method's javadoc and the new content differs from the original documented content. Use temporary local variables instead. This allows you to assign a new name, which makes the code better understandable. Note that this rule considers both methods and constructors. If there are multiple assignments for a formal parameter, then only the first assignment is reported."
AvoidStringBufferField,Best Practices,3,"StringBuffers/StringBuilders can grow considerably, and so may become a source of memory leaks if held within objects with long lifetimes."
AvoidUsingHardCodedIP,Best Practices,3,Application with hard-coded IP addresses can become impossible to deploy in some cases. Externalizing IP adresses is preferable.
CheckResultSet,Best Practices,3,"Always check the return values of navigation methods (next, previous, first, last) of a ResultSet. If the value return is 'false', it should be handled properly."
ConstantsInInterface,Best Practices,3,"Avoid constants in interfaces. Interfaces should define types, constants are implementation details better placed in classes or enums. See Effective Java, item 19."
DefaultLabelNotLastInSwitchStmt,Best Practices,3,"By convention, the default label should be the last label in a switch statement."
DoubleBraceInitialization,Best Practices,3,"Double brace initialisation is a pattern to initialise eg collections concisely. But it implicitly generates a new .class file, and the object holds a strong reference to the enclosing object. For those reasons, it is preferable to initialize the object normally, even though it's verbose. This rule counts any anonymous class which only has a single initializer as an instance of double-brace initialization. There is currently no way to find out whether a method called in the initializer is not accessible from outside the anonymous class, and those legit cases should be suppressed for the time being."
ForLoopCanBeForeach,Best Practices,3,"Reports loops that can be safely replaced with the foreach syntax. The rule considers loops over lists, arrays and iterators. A loop is safe to replace if it only uses the index variable to access an element of the list or array, only has one update statement, and loops through *every* element of the list or array left to right."
ForLoopVariableCount,Best Practices,3,Having a lot of control variables in a 'for' loop makes it harder to see what range of values the loop iterates over. By default this rule allows a regular 'for' loop with only one variable.
GuardLogStatement,Best Practices,2,"Whenever using a log level, one should check if the loglevel is actually enabled, or otherwise skip the associate String creation and manipulation. An alternative to checking the log level are substituting parameters, formatters or lazy logging with lambdas. The available alternatives depend on the actual logging framework."
JUnit4SuitesShouldUseSuiteAnnotation,Best Practices,3,"In JUnit 3, test suites are indicated by the suite() method. In JUnit 4, suites are indicated through the @RunWith(Suite.class) annotation."
JUnit4TestShouldUseAfterAnnotation,Best Practices,3,"In JUnit 3, the tearDown method was used to clean up all data entities required in running tests. JUnit 4 skips the tearDown method and executes all methods annotated with @After after running each test. JUnit 5 introduced @AfterEach and @AfterAll annotations to execute methods after each test or after all tests in the class, respectively."
JUnit4TestShouldUseBeforeAnnotation,Best Practices,3,"In JUnit 3, the setUp method was used to set up all data entities required in running tests. JUnit 4 skips the setUp method and executes all methods annotated with @Before before all tests. JUnit 5 introduced @BeforeEach and @BeforeAll annotations to execute methods before each test or before all tests in the class, respectively."
JUnit4TestShouldUseTestAnnotation,Best Practices,3,"In JUnit 3, the framework executed all methods which started with the word test as a unit test. In JUnit 4, only methods annotated with the @Test annotation are executed. In JUnit 5, one of the following annotations should be used for tests: @Test, @RepeatedTest, @TestFactory, @TestTemplate or @ParameterizedTest."
JUnit5TestShouldBePackagePrivate,Best Practices,3,"Reports JUnit 5 test classes and methods that are not package-private. Contrary to JUnit 4 tests, which required public visibility to be run by the engine, JUnit 5 tests can also be run if they're package-private. Marking them as such is a good practice to limit their visibility. Test methods are identified as those which use `@Test`, `@RepeatedTest`, `@TestFactory`, `@TestTemplate` or `@ParameterizedTest`."
JUnitAssertionsShouldIncludeMessage,Best Practices,3,"JUnit assertions should include an informative message - i.e., use the three-argument version of assertEquals(), not the two-argument version."
JUnitTestContainsTooManyAsserts,Best Practices,3,"Unit tests should not contain too many asserts. Many asserts are indicative of a complex test, for which it is harder to verify correctness. Consider breaking the test scenario into multiple, shorter test scenarios. Customize the maximum number of assertions used by this Rule to suit your needs. This rule checks for JUnit4, JUnit5 and TestNG Tests, as well as methods starting with ""test""."
JUnitTestsShouldIncludeAssert,Best Practices,3,"JUnit tests should include at least one assertion. This makes the tests more robust, and using assert with messages provide the developer a clearer idea of what the test does."
JUnitUseExpected,Best Practices,3,"In JUnit4, use the @Test(expected) annotation to denote tests that should throw exceptions."
LiteralsFirstInComparisons,Best Practices,3,"Position literals first in all String comparisons, if the second argument is null then NullPointerExceptions can be avoided, they will just return false. Note that switching literal positions for compareTo and compareToIgnoreCase may change the result, see examples."
LooseCoupling,Best Practices,3,"The use of implementation types (i.e., HashSet) as object references limits your ability to use alternate implementations in the future as requirements change. Whenever available, referencing objects by their interface types (i.e, Set) provides much more flexibility."
MethodReturnsInternalArray,Best Practices,3,Exposing internal arrays to the caller violates object encapsulation since elements can be removed or replaced outside of the object that owns it. It is safer to return a copy of the array.
MissingOverride,Best Practices,3,"Annotating overridden methods with @Override ensures at compile time that the method really overrides one, which helps refactoring and clarifies intent."
OneDeclarationPerLine,Best Practices,4,"Java allows the use of several variables declaration of the same type on one line. However, it can lead to quite messy code. This rule looks for several declarations on the same line."
PreserveStackTrace,Best Practices,3,Throwing a new exception from a catch block without passing the original exception into the new exception will cause the original stack trace to be lost making it difficult to debug effectively.
PrimitiveWrapperInstantiation,Best Practices,3,"Reports usages of primitive wrapper constructors. They are deprecated since Java 9 and should not be used. Even before Java 9, they can be replaced with usage of the corresponding static `valueOf` factory method (which may be automatically inserted by the compiler since Java 1.5). This has the advantage that it may reuse common instances instead of creating a new instance each time. Note that for `Boolean`, the named constants `Boolean.TRUE` and `Boolean.FALSE` are preferred instead of `Boolean.valueOf`."
ReplaceEnumerationWithIterator,Best Practices,3,Consider replacing Enumeration usages with the newer java.util.Iterator
ReplaceHashtableWithMap,Best Practices,3,Consider replacing Hashtable usage with the newer java.util.Map if thread safety is not required.
ReplaceVectorWithList,Best Practices,3,Consider replacing Vector usages with the newer java.util.ArrayList if expensive thread-safe operations are not required.
SimplifiableTestAssertion,Best Practices,3,"Reports test assertions that may be simplified using a more specific assertion method. This enables better error messages, and makes the assertions more readable. The rule only applies within test classes for the moment. It replaces the deprecated rules {% rule UseAssertEqualsInsteadOfAssertTrue %}, {% rule UseAssertNullInsteadOfAssertTrue %}, {% rule UseAssertSameInsteadOfAssertTrue %}, {% rule UseAssertTrueInsteadOfAssertEquals %}, and {% rule java/design/SimplifyBooleanAssertion %}."
SwitchStmtsShouldHaveDefault,Best Practices,3,"Switch statements should be exhaustive, to make their control flow easier to follow. This can be achieved by adding a `default` case, or, if the switch is on an enum type, by ensuring there is one switch branch for each enum constant."
SystemPrintln,Best Practices,2,References to System.(out|err).print are usually intended for debugging purposes and can remain in the codebase even in production code. By using a logger one can enable/disable this behaviour at will (and by priority) and avoid clogging the Standard out log.
UnusedAssignment,Best Practices,3,"Reports assignments to variables that are never used before the variable is overwritten, or goes out of scope. Unused assignments are those for which 1. The variable is never read after the assignment, or 2. The assigned value is always overwritten by other assignments before the next read of the variable. The rule doesn't consider assignments to fields except for those of `this` in a constructor, or static fields of the current class in static initializers. The rule may be suppressed with the standard `@SuppressWarnings(""unused"")` tag. The rule subsumes {% rule ""UnusedLocalVariable"" %}, and {% rule ""UnusedFormalParameter"" %}. Those violations are filtered out by default, in case you already have enabled those rules, but may be enabled with the property `reportUnusedVariables`. Variables whose name starts with `ignored` or `unused` are filtered out, as is standard practice for exceptions. Limitations: * The rule currently cannot know which method calls throw exceptions, or which exceptions they throw. In the body of a try block, every method or constructor call is assumed to throw. This may cause false-negatives. The only other language construct that is assumed to throw is the `throw` statement, in particular, things like `assert` statements, or NullPointerExceptions on dereference are ignored. * The rule cannot resolve assignments across constructors, when they're called with the special `this(...)` syntax. This may cause false-negatives. Both of those limitations may be partly relaxed in PMD 7."
UnusedFormalParameter,Best Practices,3,"Reports parameters of methods and constructors that are not referenced them in the method body. Parameters whose name starts with `ignored` or `unused` are filtered out. Removing unused formal parameters from public methods could cause a ripple effect through the code base. Hence, by default, this rule only considers private methods. To include non-private methods, set the `checkAll` property to `true`."
UnusedLocalVariable,Best Practices,3,"Detects when a local variable is declared and/or assigned, but not used. Variables whose name starts with `ignored` or `unused` are filtered out."
UnusedPrivateField,Best Practices,3,"Detects when a private field is declared and/or assigned a value, but not used. Since PMD 6.50.0 private fields are ignored, if the fields are annotated with any annotation or the enclosing class has any annotation. Annotations often enable a framework (such as dependency injection, mocking or e.g. Lombok) which use the fields by reflection or other means. This usage can't be detected by static code analysis. Previously these frameworks where explicitly allowed by listing their annotations in the property ""ignoredAnnotations"", but that turned out to be prone of false positive for any not explicitly considered framework."
UnusedPrivateMethod,Best Practices,3,Unused Private Method detects when a private method is declared but is unused.
UseCollectionIsEmpty,Best Practices,3,The isEmpty() method on java.util.Collection is provided to determine if a collection has any elements. Comparing the value of size() to 0 does not convey intent as well as the isEmpty() method.
UseStandardCharsets,Best Practices,3,"Starting with Java 7, StandardCharsets provides constants for common Charset objects, such as UTF-8. Using the constants is less error prone, and can provide a small performance advantage compared to `Charset.forName(...)` since no scan across the internal `Charset` caches is needed."
UseTryWithResources,Best Practices,3,"Java 7 introduced the try-with-resources statement. This statement ensures that each resource is closed at the end of the statement. It avoids the need of explicitly closing the resources in a finally block. Additionally exceptions are better handled: If an exception occurred both in the `try` block and `finally` block, then the exception from the try block was suppressed. With the `try`-with-resources statement, the exception thrown from the try-block is preserved."
UseVarargs,Best Practices,4,"Java 5 introduced the varargs parameter declaration for methods and constructors. This syntactic sugar provides flexibility for users of these methods and constructors, allowing them to avoid having to deal with the creation of an array. Byte arrays in any method and String arrays in `public static void main(String[])` methods are ignored."
WhileLoopWithLiteralBoolean,Best Practices,3,"`do {} while (true);` requires reading the end of the statement before it is apparent that it loops forever, whereas `while (true) {}` is easier to understand. `do {} while (false);` is redundant, and if an inner variable scope is required, a block `{}` is sufficient. `while (false) {}` will never execute the block and can be removed in its entirety."
AtLeastOneConstructor,Code Style,3,"Each non-static class should declare at least one constructor. Classes with solely static members are ignored, refer to [UseUtilityClassRule](pmd_rules_java_design.html#useutilityclass) to detect those."
AvoidDollarSigns,Code Style,3,Avoid using dollar signs in variable/method/class/interface names.
AvoidProtectedFieldInFinalClass,Code Style,3,Do not use protected fields in final classes since they cannot be subclassed. Clarify your intent by using private or package access modifiers instead.
AvoidProtectedMethodInFinalClassNotExtending,Code Style,3,Do not use protected methods in most final classes since they cannot be subclassed. This should only be allowed in final classes that extend other classes with protected methods (whose visibility cannot be reduced). Clarify your intent by using private or package access modifiers instead.
AvoidUsingNativeCode,Code Style,2,Unnecessary reliance on Java Native Interface (JNI) calls directly reduces application portability and increases the maintenance burden.
BooleanGetMethodName,Code Style,4,"Methods that return boolean results should be named as predicate statements to denote this. I.e, 'isReady()', 'hasValues()', 'canCommit()', 'willFail()', etc. Avoid the use of the 'get' prefix for these methods."
CallSuperInConstructor,Code Style,3,"It is a good practice to call super() in a constructor. If super() is not called but another constructor (such as an overloaded constructor) is called, this rule will not report it."
ClassNamingConventions,Code Style,1,"Configurable naming conventions for type declarations. This rule reports type declarations which do not match the regex that applies to their specific kind (e.g. enum or interface). Each regex can be configured through properties. By default, this rule uses the standard Java naming convention (Pascal case). The rule can detect utility classes and enforce a different naming convention on those. E.g. setting the property `utilityClassPattern` to `[A-Z][a-zA-Z0-9]+(Utils?|Helper|Constants)` reports any utility class, whose name does not end in ""Util(s)"", ""Helper"" or ""Constants"". For this rule, a utility class is defined as: a concrete class that does not inherit from a super class or implement any interface and only has static fields or methods. This rule detects test classes using the following convention: Test classes are top-level classes, that either inherit from JUnit 3 TestCase or have at least one method annotated with the Test annotations from JUnit4/5 or TestNG."
CommentDefaultAccessModifier,Code Style,3,"To avoid mistakes if we want that an Annotation, Class, Enum, Method, Constructor or Field have a default access modifier we must add a comment at the beginning of its declaration. By default, the comment must be `/* default */` or `/* package */`, if you want another, you have to provide a regular expression. This rule ignores by default all cases that have a `@VisibleForTesting` annotation or any JUnit5 annotation. Use the property ""ignoredAnnotations"" to customize the recognized annotations."
ConfusingTernary,Code Style,3,"Avoid negation within an ""if"" expression with an ""else"" clause. For example, rephrase: `if (x != y) diff(); else same();` as: `if (x == y) same(); else diff();`. Most ""if (x != y)"" cases without an ""else"" are often return cases, so consistent use of this rule makes the code easier to read. Also, this resolves trivial ordering problems, such as ""does the error case go first?"" or ""does the common case go first?""."
ControlStatementBraces,Code Style,3,"Enforce a policy for braces on control statements. It is recommended to use braces on 'if ... else' statements and loop statements, even if they are optional. This usually makes the code clearer, and helps prepare the future when you need to add another statement. That said, this rule lets you control which statements are required to have braces via properties. From 6.2.0 on, this rule supersedes WhileLoopMustUseBraces, ForLoopMustUseBraces, IfStmtMustUseBraces, and IfElseStmtMustUseBraces."
EmptyMethodInAbstractClassShouldBeAbstract,Code Style,1,Empty or auto-generated methods in an abstract class should be tagged as abstract. This helps to remove their inapproprate usage by developers who should be implementing their own versions in the concrete subclasses.
EmptyControlStatement,Code Style,3,"Reports control statements whose body is empty, as well as empty initializers. The checked code constructs are the following: - bodies of `try` statements - `finally` clauses of `try` statements - `switch` statements - `synchronized` statements - `if` statements - loop statements: `while`, `for`, `do .. while` - initializers - blocks used as statements (for scoping) This rule replaces the rules EmptyFinallyBlock, EmptyIfStmt, EmptyInitializer, EmptyStatementBlock, EmptySwitchStatements, EmptySynchronizedBlock, EmptyTryBlock, and EmptyWhileStmt. Notice that {% rule java/errorprone/EmptyCatchBlock %} is still an independent rule. EmptyStatementNotInLoop is replaced by {% rule java/codestyle/UnnecessarySemicolon %}."
ExtendsObject,Code Style,4,No need to explicitly extend Object.
FieldDeclarationsShouldBeAtStartOfClass,Code Style,3,"Fields should be declared at the top of the class, before any method declarations, constructors, initializers or inner classes."
FieldNamingConventions,Code Style,1,"Configurable naming conventions for field declarations. This rule reports variable declarations which do not match the regex that applies to their specific kind ---e.g. constants (static final), enum constant, final field. Each regex can be configured through properties. By default this rule uses the standard Java naming convention (Camel case), and uses the ALL_UPPER convention for constants and enum constants."
FinalParameterInAbstractMethod,Code Style,1,Declaring a method parameter as final for an interface method is useless because the implementation may choose to not respect it.
ForLoopShouldBeWhileLoop,Code Style,3,"Some for loops can be simplified to while loops, this makes them more concise."
FormalParameterNamingConventions,Code Style,1,"Configurable naming conventions for formal parameters of methods and lambdas. This rule reports formal parameters which do not match the regex that applies to their specific kind (e.g. lambda parameter, or final formal parameter). Each regex can be configured through properties. By default this rule uses the standard Java naming convention (Camel case)."
GenericsNaming,Code Style,4,Names for references to generic values should be limited to a single uppercase letter.
IdenticalCatchBranches,Code Style,3,Identical `catch` branches use up vertical space and increase the complexity of code without adding functionality. It's better style to collapse identical branches into a single multi-catch branch.
LinguisticNaming,Code Style,3,"This rule finds Linguistic Naming Antipatterns. It checks for fields, that are named, as if they should be boolean but have a different type. It also checks for methods, that according to their name, should return a boolean, but don't. Further, it checks, that getters return something and setters won't. Finally, it checks that methods, that start with ""to"" - so called transform methods - actually return something, since according to their name, they should convert or transform one object into another. There is additionally an option, to check for methods that contain ""To"" in their name - which are also transform methods. However, this is disabled by default, since this detection is prone to false positives. For more information, see [Linguistic Antipatterns - What They Are and How Developers Perceive Them](https://doi.org/10.1007/s10664-014-9350-8)."
LocalHomeNamingConvention,Code Style,4,The Local Home interface of a Session EJB should be suffixed by 'LocalHome'.
LocalInterfaceSessionNamingConvention,Code Style,4,The Local Interface of a Session EJB should be suffixed by 'Local'.
LocalVariableCouldBeFinal,Code Style,3,A local variable assigned only once can be declared final.
LocalVariableNamingConventions,Code Style,1,"Configurable naming conventions for local variable declarations and other locally-scoped variables. This rule reports variable declarations which do not match the regex that applies to their specific kind (e.g. final variable, or catch-clause parameter). Each regex can be configured through properties. By default this rule uses the standard Java naming convention (Camel case)."
LongVariable,Code Style,3,"Fields, formal arguments, or local variable names that are too long can make the code difficult to follow."
MDBAndSessionBeanNamingConvention,Code Style,4,The EJB Specification states that any MessageDrivenBean or SessionBean should be suffixed by 'Bean'.
MethodArgumentCouldBeFinal,Code Style,3,A method argument that is never re-assigned within the method can be declared final.
MethodNamingConventions,Code Style,1,Configurable naming conventions for method declarations. This rule reports method declarations which do not match the regex that applies to their specific kind (e.g. JUnit test or native method). Each regex can be configured through properties. By default this rule uses the standard Java naming convention (Camel case).
NoPackage,Code Style,3,"Detects when a class, interface, enum or annotation does not have a package definition."
UseUnderscoresInNumericLiterals,Code Style,3,"Since Java 1.7, numeric literals can use underscores to separate digits. This rule enforces that numeric literals above a certain length use these underscores to increase readability. The rule only supports decimal (base 10) literals for now. The acceptable length under which literals are not required to have underscores is configurable via a property. Even under that length, underscores that are misplaced (not making groups of 3 digits) are reported."
OnlyOneReturn,Code Style,3,"A method should have only one exit point, and that should be the last statement in the method."
PackageCase,Code Style,3,Detects when a package definition contains uppercase characters.
PrematureDeclaration,Code Style,3,Checks for variables that are defined before they might be used. A reference is deemed to be premature if it is created right before a block of code that doesn't use it that also has the ability to return or throw an exception.
RemoteInterfaceNamingConvention,Code Style,4,Remote Interface of a Session EJB should not have a suffix.
RemoteSessionInterfaceNamingConvention,Code Style,4,A Remote Home interface type of a Session EJB should be suffixed by 'Home'.
ShortClassName,Code Style,4,Short Classnames with fewer than e.g. five characters are not recommended.
ShortMethodName,Code Style,3,Method names that are very short are not helpful to the reader.
ShortVariable,Code Style,3,"Fields, local variables, or parameter names that are very short are not helpful to the reader."
TooManyStaticImports,Code Style,3,"If you overuse the static import feature, it can make your program unreadable and unmaintainable, polluting its namespace with all the static members you import. Readers of your code (including you, a few months after you wrote it) will not know which class a static member comes from (Sun 1.5 Language Guide)."
UnnecessaryAnnotationValueElement,Code Style,3,Avoid the use of value in annotations when it's the only element.
UnnecessaryCast,Code Style,3,This rule detects when a cast is unnecessary while accessing collection elements. This rule is mostly useful for old java code before generics where introduced with java 1.5.
UnnecessaryConstructor,Code Style,3,"This rule detects when a constructor is not necessary; i.e., when there is only one constructor and the constructor is identical to the default constructor. The default constructor should has same access modifier as the declaring class. In an enum type, the default constructor is implicitly private."
UnnecessaryFullyQualifiedName,Code Style,4,Import statements allow the use of non-fully qualified names. The use of a fully qualified name which is covered by an import statement is redundant. Consider using the non-fully qualified name.
UnnecessaryImport,Code Style,4,"Reports import statements that can be removed. They are either unused, duplicated, or the members they import are already implicitly in scope, because they're in java.lang, or the current package."
UnnecessaryLocalBeforeReturn,Code Style,3,Avoid the creation of unnecessary local variables
UnnecessaryModifier,Code Style,3,"Fields in interfaces and annotations are automatically `public static final`, and methods are `public abstract`. Classes, interfaces or annotations nested in an interface or annotation are automatically `public static` (all nested interfaces and annotations are automatically static). Nested enums are automatically `static`. For historical reasons, modifiers which are implied by the context are accepted by the compiler, but are superfluous."
UnnecessaryReturn,Code Style,3,Avoid the use of unnecessary return statements.
UnnecessarySemicolon,Code Style,3,"Reports unnecessary semicolons (so called ""empty statements"" and ""empty declarations""). These can be removed without changing the program. The Java grammar allows them for historical reasons, but they should be avoided. This rule will not report empty statements that are syntactically required, for instance, because they are the body of a control statement. This rule replaces EmptyStatementNotInLoop."
UseDiamondOperator,Code Style,3,"Use the diamond operator to let the type be inferred automatically. With the Diamond operator it is possible to avoid duplication of the type parameters. Instead, the compiler is now able to infer the parameter types for constructor calls, which makes the code also more readable. The diamond operator has been introduced with java 7. However, type inference has been improved further with java8, rendering more type parameters unnecessary. This is only possible with java8 and the resulting code won't compile with java7. If you use java7, make sure to enable `java7Compatibility` for this rule to avoid false positives."
UselessParentheses,Code Style,4,Useless parentheses should be removed.
UselessQualifiedThis,Code Style,3,Reports qualified this usages in the same class.
UseShortArrayInitializer,Code Style,3,"When declaring and initializing array fields or variables, it is not necessary to explicitly create a new array using `new`. Instead one can simply define the initial content of the array as a expression in curly braces. E.g. `int[] x = new int[] { 1, 2, 3 };` can be written as `int[] x = { 1, 2, 3 };`."
AbstractClassWithoutAnyMethod,Design,1,"If an abstract class does not provide any methods, it may be acting as a simple data container that is not meant to be instantiated. In this case, it is probably better to use a private or protected constructor in order to prevent instantiation than make the class misleadingly abstract."
AvoidCatchingGenericException,Design,3,"Avoid catching generic exceptions such as NullPointerException, RuntimeException, Exception in try-catch block."
AvoidDeeplyNestedIfStmts,Design,3,Avoid creating deeply nested if-then statements since they are harder to read and error-prone to maintain.
AvoidRethrowingException,Design,3,Catch blocks that merely rethrow a caught exception only add to code size and runtime complexity.
AvoidThrowingNewInstanceOfSameException,Design,3,Catch blocks that merely rethrow a caught exception wrapped inside a new instance of the same type only add to code size and runtime complexity.
AvoidThrowingNullPointerException,Design,1,"Avoid throwing NullPointerExceptions manually. These are confusing because most people will assume that the virtual machine threw it. To avoid a method being called with a null parameter, you may consider using an IllegalArgumentException instead, making it clearly seen as a programmer-initiated exception. However, there are better ways to handle this: >*Effective Java, 3rd Edition, Item 72: Favor the use of standard exceptions* > >Arguably, every erroneous method invocation boils down to an illegal argument or state, but other exceptions are standardly used for certain kinds of illegal arguments and states. If a caller passes null in some parameter for which null values are prohibited, convention dictates that NullPointerException be thrown rather than IllegalArgumentException. To implement that, you are encouraged to use `java.util.Objects.requireNonNull()` (introduced in Java 1.7). This method is designed primarily for doing parameter validation in methods and constructors with multiple parameters. Your parameter validation could thus look like the following: ``` public class Foo { private String exampleValue; void setExampleValue(String exampleValue) { // check, throw and assignment in a single standard call this.exampleValue = Objects.requireNonNull(exampleValue, ""exampleValue must not be null!""); } } ```"
AvoidThrowingRawExceptionTypes,Design,1,"Avoid throwing certain exception types. Rather than throw a raw RuntimeException, Throwable, Exception, or Error, use a subclassed exception or error instead."
AvoidUncheckedExceptionsInSignatures,Design,3,"A method or constructor should not explicitly declare unchecked exceptions in its `throws` clause. Java doesn't force the caller to handle an unchecked exception, so it's unnecessary except for documentation. A better practice is to document the exceptional cases with a `@throws` Javadoc tag, which allows being more descriptive."
ClassWithOnlyPrivateConstructorsShouldBeFinal,Design,1,"A class with only private constructors should be final, unless the private constructor is invoked by an inner class."
CollapsibleIfStatements,Design,3,Sometimes two consecutive 'if' statements can be consolidated by separating their conditions with a boolean short-circuit operator.
CouplingBetweenObjects,Design,3,"This rule counts the number of unique attributes, local variables, and return types within an object. A number higher than the specified threshold can indicate a high degree of coupling."
CognitiveComplexity,Design,3,"Methods that are highly complex are difficult to read and more costly to maintain. If you include too much decisional logic within a single method, you make its behavior hard to understand and more difficult to modify. Cognitive complexity is a measure of how difficult it is for humans to read and understand a method. Code that contains a break in the control flow is more complex, whereas the use of language shorthands doesn't increase the level of complexity. Nested control flows can make a method more difficult to understand, with each additional nesting of the control flow leading to an increase in cognitive complexity. Information about Cognitive complexity can be found in the original paper here: <https://www.sonarsource.com/docs/CognitiveComplexity.pdf> By default, this rule reports methods with a complexity of 15 or more. Reported methods should be broken down into less complex components."
CyclomaticComplexity,Design,3,"The complexity of methods directly affects maintenance costs and readability. Concentrating too much decisional logic in a single method makes its behaviour hard to read and change. Cyclomatic complexity assesses the complexity of a method by counting the number of decision points in a method, plus one for the method entry. Decision points are places where the control flow jumps to another place in the program. As such, they include all control flow statements, such as `if`, `while`, `for`, and `case`. For more details on the calculation, see the documentation of the [Cyclo metric](pmd_java_metrics_index.html#cyclomatic-complexity-cyclo). Generally, numbers ranging from 1-4 denote low complexity, 5-7 denote moderate complexity, 8-10 denote high complexity, and 11+ is very high complexity. By default, this rule reports methods with a complexity >= 10. Additionally, classes with many methods of moderate complexity get reported as well once the total of their methods' complexities reaches 80, even if none of the methods was directly reported. Reported methods should be broken down into several smaller methods. Reported classes should probably be broken down into subcomponents."
DataClass,Design,3,"Data Classes are simple data holders, which reveal most of their state, and without complex functionality. The lack of functionality may indicate that their behaviour is defined elsewhere, which is a sign of poor data-behaviour proximity. By directly exposing their internals, Data Classes break encapsulation, and therefore reduce the system's maintainability and understandability. Moreover, classes tend to strongly rely on their data representation, which makes for a brittle design. Refactoring a Data Class should focus on restoring a good data-behaviour proximity. In most cases, that means moving the operations defined on the data back into the class. In some other cases it may make sense to remove entirely the class and move the data into the former client classes."
DoNotExtendJavaLangError,Design,3,Errors are system exceptions. Do not extend them.
ExceptionAsFlowControl,Design,3,Using Exceptions as form of flow control is not recommended as they obscure true exceptions when debugging. Either add the necessary validation or use an alternate control structure.
ExcessiveImports,Design,3,A high number of imports can indicate a high degree of coupling within an object. This rule counts the number of unique imports and reports a violation if the count is above the user-specified threshold.
ExcessiveParameterList,Design,3,"Methods with numerous parameters are a challenge to maintain, especially if most of them share the same datatype. These situations usually denote the need for new objects to wrap the numerous parameters."
ExcessivePublicCount,Design,3,Classes with large numbers of public methods and attributes require disproportionate testing efforts since combinational side effects grow rapidly and increase risk. Refactoring these classes into smaller ones not only increases testability and reliability but also allows new variations to be developed easily.
FinalFieldCouldBeStatic,Design,3,"If a final field is assigned to a compile-time constant, it could be made static, thus saving overhead in each object at runtime."
GodClass,Design,3,"The God Class rule detects the God Class design flaw using metrics. God classes do too many things, are very big and overly complex. They should be split apart to be more object-oriented. The rule uses the detection strategy described in ""Object-Oriented Metrics in Practice"". The violations are reported against the entire class. See also the references: Michele Lanza and Radu Marinescu. Object-Oriented Metrics in Practice: Using Software Metrics to Characterize, Evaluate, and Improve the Design of Object-Oriented Systems. Springer, Berlin, 1 edition, October 2006. Page 80."
ImmutableField,Design,3,"Identifies private fields whose values never change once object initialization ends either in the declaration of the field or by a constructor. This helps in converting existing classes to becoming immutable ones. Note that this rule does not enforce referenced object to be immutable itself. A class can still be mutable, even if all its member fields are declared final. This is referred to as shallow immutability. For more information on mutability, see Effective Java, 3rd Edition, Item 17: Minimize mutability. Note: The property `ignoredAnnotations` is deprecated since PMD 6.52.0 and doesn't have any effect anymore. Since PMD 6.47.0, the rule only considers fields, that are initialized once and never changed. If the field is just declared but never explicitly initialized, it won't be reported. That's the typical case when a framework sets the field value by reflection. Therefore, the property is not needed anymore. If there is a special case where this rule misidentifies fields as immutable, then the rule should be suppressed for these fields explicitly."
InvalidJavaBean,Design,3,"Identifies beans, that don't follow the [JavaBeans API specification](https://download.oracle.com/otndocs/jcp/7224-javabeans-1.01-fr-spec-oth-JSpec/). Each non-static field should have both a getter and a setter method. If the field is just used internally and is not a bean property, then the field should be marked as `transient`. The rule verifies that the type of the field is the same as the result type of the getter. And that this type matches the type used in the setter. The rule also checks, that there is a no-arg or default constructor available. Optionally the rule also verifies, that the bean implements `java.io.Serializable`. While this is a requirement for the original JavaBeans specification, frameworks nowadays don't strictly require this anymore. In order to avoid many false positives in classes that are not beans, the rule needs to be explicitly enabled by configuring the property `packages`."
LawOfDemeter,Design,3,"The Law of Demeter is a simple rule, that says ""only talk to friends"". It helps to reduce coupling between classes or objects. See also the references: * Andrew Hunt, David Thomas, and Ward Cunningham. The Pragmatic Programmer. From Journeyman to Master. Addison-Wesley Longman, Amsterdam, October 1999.; * K.J. Lieberherr and I.M. Holland. Assuring good style for object-oriented programs. Software, IEEE, 6(5):38–48, 1989.; * <http://www.ccs.neu.edu/home/lieber/LoD.html> * <http://en.wikipedia.org/wiki/Law_of_Demeter>"
LogicInversion,Design,3,Use opposite operator instead of negating the whole expression with a logic complement operator.
LoosePackageCoupling,Design,3,"Avoid using classes from the configured package hierarchy outside of the package hierarchy, except when using one of the configured allowed classes."
NcssCount,Design,3,"This rule uses the NCSS (Non-Commenting Source Statements) metric to determine the number of lines of code in a class, method or constructor. NCSS ignores comments, blank lines, and only counts actual statements. For more details on the calculation, see the documentation of the [NCSS metric](pmd_java_metrics_index.html#non-commenting-source-statements-ncss)."
NPathComplexity,Design,3,"The NPath complexity of a method is the number of acyclic execution paths through that method. While cyclomatic complexity counts the number of decision points in a method, NPath counts the number of full paths from the beginning to the end of the block of the method. That metric grows exponentially, as it multiplies the complexity of statements in the same block. For more details on the calculation, see the documentation of the [NPath metric](pmd_java_metrics_index.html#npath-complexity-npath). A threshold of 200 is generally considered the point where measures should be taken to reduce complexity and increase readability."
SignatureDeclareThrowsException,Design,3,"A method/constructor shouldn't explicitly throw the generic java.lang.Exception, since it is unclear which exceptions that can be thrown from the methods. It might be difficult to document and understand such vague interfaces. Use either a class derived from RuntimeException or a checked exception."
SimplifiedTernary,Design,3,Look for ternary operators with the form `condition ? literalBoolean : foo` or `condition ? foo : literalBoolean`. These expressions can be simplified as follows: * `condition ? true : expr` simplifies to `condition || expr` * `condition ? false : expr` simplifies to `!condition && expr` * `condition ? expr : true` simplifies to `!condition || expr` * `condition ? expr : false` simplifies to `condition && expr`
SimplifyBooleanExpressions,Design,3,"Avoid unnecessary comparisons in boolean expressions, they serve no purpose and impacts readability."
SimplifyBooleanReturns,Design,3,Avoid unnecessary if-then-else statements when returning a boolean. The result of the conditional test can be returned instead.
SimplifyConditional,Design,3,No need to check for null before an instanceof; the instanceof keyword returns false when given a null argument.
SingularField,Design,3,Fields whose scopes are limited to just single methods do not rely on the containing object to provide them to other methods. They may be better implemented as local variables within those methods.
SwitchDensity,Design,3,A high ratio of statements to labels in a switch statement implies that the switch statement is overloaded. Consider moving the statements into new methods or creating subclasses based on the switch variable.
TooManyFields,Design,3,"Classes that have too many fields can become unwieldy and could be redesigned to have fewer fields, possibly through grouping related fields in new objects. For example, a class with individual city/state/zip fields could park them within a single Address field."
TooManyMethods,Design,3,"A class with too many methods is probably a good suspect for refactoring, in order to reduce its complexity and find a way to have more fine grained objects."
UselessOverridingMethod,Design,3,The overriding method merely calls the same method defined in a superclass.
UseObjectForClearerAPI,Design,3,"When you write a public method, you should be thinking in terms of an API. If your method is public, it means other class will use it, therefore, you want (or need) to offer a comprehensive and evolutive API. If you pass a lot of information as a simple series of Strings, you may think of using an Object to represent all those information. You'll get a simpler API (such as doWork(Workload workload), rather than a tedious series of Strings) and more importantly, if you need at some point to pass extra data, you'll be able to do so by simply modifying or extending Workload without any modification to your API."
UseUtilityClass,Design,3,"For classes that only have static methods, consider making them utility classes. Note that this doesn't apply to abstract classes, since their subclasses may well include non-static methods. Also, if you want this class to be a utility class, remember to add a private constructor to prevent instantiation. (Note, that this use was known before PMD 5.1.0 as UseSingleton)."
MutableStaticState,Design,3,"Non-private static fields should be made constants (or immutable references) by declaring them final. Non-private non-final static fields break encapsulation and can lead to hard to find bugs, since these fields can be modified from anywhere within the program. Callers can trivially access and modify non-private non-final static fields. Neither accesses nor modifications can be guarded against, and newly set values cannot be validated. If you are using this rule, then you don't need this rule {% rule java/errorprone/AssignmentToNonFinalStatic %}."
CommentContent,Documentation,3,A rule for the politically correct... we don't want to offend anyone.
CommentRequired,Documentation,3,Denotes whether javadoc (formal) comments are required (or unwanted) for specific language elements.
CommentSize,Documentation,3,Determines whether the dimensions of non-header comments found are within the specified limits.
UncommentedEmptyConstructor,Documentation,3,"Uncommented Empty Constructor finds instances where a constructor does not contain statements, but there is no comment. By explicitly commenting empty constructors it is easier to distinguish between intentional (commented) and unintentional empty constructors."
UncommentedEmptyMethodBody,Documentation,3,"Uncommented Empty Method Body finds instances where a method body does not contain statements, but there is no comment. By explicitly commenting empty method bodies it is easier to distinguish between intentional (commented) and unintentional empty methods."
AssignmentInOperand,Error Prone,3,Avoid assignments in operands; this can make code more complicated and harder to read.
AssignmentToNonFinalStatic,Error Prone,3,Identifies a possible unsafe usage of a static field.
AvoidAccessibilityAlteration,Error Prone,3,"Methods such as `getDeclaredConstructors()`, `getDeclaredMethods()`, and `getDeclaredFields()` also return private constructors, methods and fields. These can be made accessible by calling `setAccessible(true)`. This gives access to normally protected data which violates the principle of encapsulation. This rule detects calls to `setAccessible` and finds possible accessibility alterations. If the call to `setAccessible` is wrapped within a `PrivilegedAction`, then the access alteration is assumed to be deliberate and is not reported. Note that with Java 17 the Security Manager, which is used for `PrivilegedAction` execution, is deprecated: [JEP 411: Deprecate the Security Manager for Removal](https://openjdk.java.net/jeps/411). For future-proof code, deliberate access alteration should be suppressed using the usual suppression methods (e.g. by using `@SuppressWarnings` annotation)."
AvoidAssertAsIdentifier,Error Prone,2,"Use of the term `assert` will conflict with newer versions of Java since it is a reserved word. Since Java 1.4, the token `assert` became a reserved word and using it as an identifier will result in a compilation failure for Java 1.4 and later. This rule is therefore only useful for old Java code before Java 1.4. It can be used to identify problematic code prior to a Java update."
AvoidBranchingStatementAsLastInLoop,Error Prone,2,"Using a branching statement as the last part of a loop may be a bug, and/or is confusing. Ensure that the usage is not a bug, or consider using another approach."
AvoidCallingFinalize,Error Prone,3,The method Object.finalize() is called by the garbage collector on an object when garbage collection determines that there are no more references to the object. It should not be invoked by application logic. Note that Oracle has declared Object.finalize() as deprecated since JDK 9.
AvoidCatchingNPE,Error Prone,3,"Code should never throw NullPointerExceptions under normal circumstances. A catch block may hide the original error, causing other, more subtle problems later on."
AvoidCatchingThrowable,Error Prone,3,Catching Throwable errors is not recommended since its scope is very broad. It includes runtime issues such as OutOfMemoryError that should be exposed and managed separately.
AvoidDecimalLiteralsInBigDecimalConstructor,Error Prone,3,"One might assume that the result of ""new BigDecimal(0.1)"" is exactly equal to 0.1, but it is actually equal to .1000000000000000055511151231257827021181583404541015625. This is because 0.1 cannot be represented exactly as a double (or as a binary fraction of any finite length). Thus, the long value that is being passed in to the constructor is not exactly equal to 0.1, appearances notwithstanding. The (String) constructor, on the other hand, is perfectly predictable: 'new BigDecimal(""0.1"")' is exactly equal to 0.1, as one would expect. Therefore, it is generally recommended that the (String) constructor be used in preference to this one."
AvoidDuplicateLiterals,Error Prone,3,Code containing duplicate String literals can usually be improved by declaring the String as a constant field.
AvoidEnumAsIdentifier,Error Prone,2,"Use of the term `enum` will conflict with newer versions of Java since it is a reserved word. Since Java 1.5, the token `enum` became a reserved word and using it as an identifier will result in a compilation failure for Java 1.5 and later. This rule is therefore only useful for old Java code before Java 1.5. It can be used to identify problematic code prior to a Java update."
AvoidFieldNameMatchingMethodName,Error Prone,3,"It can be confusing to have a field name with the same name as a method. While this is permitted, having information (field) and actions (method) is not clear naming. Developers versed in Smalltalk often prefer this approach as the methods denote accessor methods."
AvoidFieldNameMatchingTypeName,Error Prone,3,It is somewhat confusing to have a field name matching the declaring type name. This probably means that type and/or field names should be chosen more carefully.
AvoidInstanceofChecksInCatchClause,Error Prone,3,Each caught exception type should be handled in its own catch clause.
AvoidLiteralsInIfCondition,Error Prone,3,"Avoid using hard-coded literals in conditional statements. By declaring them as static variables or private members with descriptive names maintainability is enhanced. By default, the literals ""-1"" and ""0"" are ignored. More exceptions can be defined with the property ""ignoreMagicNumbers"". The rule doesn't consider deeper expressions by default, but this can be enabled via the property `ignoreExpressions`. With this property set to false, if-conditions like `i == 1 + 5` are reported as well. Note that in that case, the property ignoreMagicNumbers is not taken into account, if there are multiple literals involved in such an expression."
AvoidLosingExceptionInformation,Error Prone,2,"Statements in a catch block that invoke accessors on the exception without using the information only add to code size. Either remove the invocation, or use the return result."
AvoidMultipleUnaryOperators,Error Prone,2,"The use of multiple unary operators may be problematic, and/or confusing. Ensure that the intended usage is not a bug, or consider simplifying the expression."
AvoidUsingOctalValues,Error Prone,3,Integer literals should not start with zero since this denotes that the rest of literal will be interpreted as an octal value.
BrokenNullCheck,Error Prone,2,The null check is broken since it will throw a NullPointerException itself. It is likely that you used || instead of && or vice versa.
CallSuperFirst,Error Prone,3,Super should be called at the start of the method
CallSuperLast,Error Prone,3,Super should be called at the end of the method
CheckSkipResult,Error Prone,3,The skip() method may skip a smaller number of bytes than requested. Check the returned value to find out if it was the case or not.
ClassCastExceptionWithToArray,Error Prone,3,"When deriving an array of a specific class from your Collection, one should provide an array of the same class as the parameter of the toArray() method. Doing otherwise you will will result in a ClassCastException."
CloneMethodMustBePublic,Error Prone,3,"The java Manual says ""By convention, classes that implement this interface should override Object.clone (which is protected) with a public method."""
CloneMethodMustImplementCloneable,Error Prone,3,"The method clone() should only be implemented if the class implements the Cloneable interface with the exception of a final method that only throws CloneNotSupportedException. The rule can also detect, if the class implements or extends a Cloneable class."
CloneMethodReturnTypeMustMatchClassName,Error Prone,3,"If a class implements cloneable the return type of the method clone() must be the class name. That way, the caller of the clone method doesn't need to cast the returned clone to the correct type. Note: This is only possible with Java 1.5 or higher."
CloseResource,Error Prone,3,"Ensure that resources (like `java.sql.Connection`, `java.sql.Statement`, and `java.sql.ResultSet` objects and any subtype of `java.lang.AutoCloseable`) are always closed after use. Failing to do so might result in resource leaks. Note: It suffices to configure the super type, e.g. `java.lang.AutoClosable`, so that this rule automatically triggers on any subtype (e.g. `java.io.FileInputStream`). Additionally specifying `java.sql.Connection` helps in detecting the types, if the type resolution / auxclasspath is not correctly setup. Note: Since PMD 6.16.0 the default value for the property `types` contains `java.lang.AutoCloseable` and detects now cases where the standard `java.io.*Stream` classes are involved. In order to restore the old behaviour, just remove ""AutoCloseable"" from the types."
CompareObjectsWithEquals,Error Prone,3,"Use `equals()` to compare object references; avoid comparing them with `==`. Since comparing objects with named constants is useful in some cases (eg, when defining constants for sentinel values), the rule ignores comparisons against fields with all-caps name (eg `this == SENTINEL`), which is a common naming convention for constant fields. You may allow some types to be compared by reference by listing the exceptions in the `typesThatCompareByReference` property."
ComparisonWithNaN,Error Prone,3,"Reports comparisons with double and float `NaN` (Not-a-Number) values. These are [specified](https://docs.oracle.com/javase/specs/jls/se8/html/jls-15.html#jls-15.21.1) to have unintuitive behavior: NaN is considered unequal to itself. This means a check like `someDouble == Double.NaN` will always return false, even if `someDouble` is really the NaN value. To test whether a value is the NaN value, one should instead use `Double.isNaN(someDouble)` (or `Float.isNaN`). The `!=` operator should be treated similarly. Finally, comparisons like `someDouble <= Double.NaN` are nonsensical and will always evaluate to false. This rule has been renamed from ""BadComparison"" in PMD 6.36.0."
ConstructorCallsOverridableMethod,Error Prone,1,"Calling overridable methods during construction poses a risk of invoking methods on an incompletely constructed object and can be difficult to debug. It may leave the sub-class unable to construct its superclass or forced to replicate the construction process completely within itself, losing the ability to call super(). If the default constructor contains a call to an overridable method, the subclass may be completely uninstantiable. Note that this includes method calls throughout the control flow graph - i.e., if a constructor Foo() calls a private method bar() that calls a public method buz(), this denotes a problem."
DetachedTestCase,Error Prone,3,"The method appears to be a test case since it has public or default visibility, non-static access, no arguments, no return value, has no annotations, but is a member of a class that has one or more JUnit test cases. If it is a utility method, it should likely have private visibility. If it is an ignored test, it should be annotated with @Test and @Ignore."
DoNotCallGarbageCollectionExplicitly,Error Prone,2,"Calls to System.gc(), Runtime.getRuntime().gc(), and System.runFinalization() are not advised. Code should have the same behavior whether the garbage collection is disabled using the option -Xdisableexplicitgc or not. Moreover, ""modern"" jvms do a very good job handling garbage collections. If memory usage issues unrelated to memory leaks develop within an application, it should be dealt with JVM options rather than within the code itself."
DoNotExtendJavaLangThrowable,Error Prone,3,Extend Exception or RuntimeException instead of Throwable.
DoNotHardCodeSDCard,Error Prone,3,"Use Environment.getExternalStorageDirectory() instead of ""/sdcard"""
DoNotTerminateVM,Error Prone,3,"Web applications should not call `System.exit()`, since only the web container or the application server should stop the JVM. Otherwise a web application would terminate all other applications running on the same application server. This rule also checks for the equivalent calls `Runtime.getRuntime().exit()` and `Runtime.getRuntime().halt()`. This rule has been renamed from ""DoNotCallSystemExit"" in PMD 6.29.0."
DoNotThrowExceptionInFinally,Error Prone,4,"Throwing exceptions within a 'finally' block is confusing since they may mask other exceptions or code defects. Note: This is a PMD implementation of the Lint4j rule ""A throw in a finally block"""
DontImportSun,Error Prone,4,Avoid importing anything from the 'sun.*' packages. These packages are not portable and are likely to change.
DontUseFloatTypeForLoopIndices,Error Prone,3,"Don't use floating point for loop indices. If you must use floating point, use double unless you're certain that float provides enough precision and you have a compelling performance need (space or time)."
EmptyCatchBlock,Error Prone,3,"Empty Catch Block finds instances where an exception is caught, but nothing is done. In most circumstances, this swallows an exception which should either be acted on or reported."
EmptyFinalizer,Error Prone,3,Empty finalize methods serve no purpose and should be removed. Note that Oracle has declared Object.finalize() as deprecated since JDK 9.
EqualsNull,Error Prone,1,Tests for null should not use the equals() method. The '==' operator should be used instead.
FinalizeDoesNotCallSuperFinalize,Error Prone,3,"If the finalize() is implemented, its last action should be to call super.finalize. Note that Oracle has declared Object.finalize() as deprecated since JDK 9."
FinalizeOnlyCallsSuperFinalize,Error Prone,3,"If the finalize() is implemented, it should do something besides just calling super.finalize(). Note that Oracle has declared Object.finalize() as deprecated since JDK 9."
FinalizeOverloaded,Error Prone,3,Methods named finalize() should not have parameters. It is confusing and most likely an attempt to overload Object.finalize(). It will not be called by the VM. Note that Oracle has declared Object.finalize() as deprecated since JDK 9.
FinalizeShouldBeProtected,Error Prone,3,"When overriding the finalize(), the new method should be set as protected. If made public, other classes may invoke it at inappropriate times. Note that Oracle has declared Object.finalize() as deprecated since JDK 9."
IdempotentOperations,Error Prone,3,Avoid idempotent operations - they have no effect.
ImplicitSwitchFallThrough,Error Prone,3,"Switch statements without break or return statements for each case option may indicate problematic behaviour. Empty cases are ignored as these indicate an intentional fall-through. This rule has been renamed from ""MissingBreakInSwitch"" in PMD 6.37.0."
InstantiationToGetClass,Error Prone,4,Avoid instantiating an object just to call getClass() on it; use the .class public member instead.
InvalidLogMessageFormat,Error Prone,5,"Check for messages in slf4j and log4j2 (since 6.19.0) loggers with non matching number of arguments and placeholders. Since 6.32.0 in addition to parameterized message placeholders (`{}`) also format specifiers of string formatted messages are supported (`%s`). This rule has been renamed from ""InvalidSlf4jMessageFormat"" in PMD 6.19.0."
JumbledIncrementer,Error Prone,3,"Avoid jumbled loop incrementers - its usually a mistake, and is confusing even if intentional."
JUnitSpelling,Error Prone,3,"In JUnit 3, the setUp method is used to set up all data entities required in running tests. The tearDown method is used to clean up all data entities required in running tests. You should not misspell method name if you want your test to set up and clean up everything correctly."
JUnitStaticSuite,Error Prone,3,The suite() method in a JUnit test needs to be both public and static.
MethodWithSameNameAsEnclosingClass,Error Prone,3,Non-constructor methods should not have the same name as the enclosing class.
MisplacedNullCheck,Error Prone,3,"The null check here is misplaced. If the variable is null a NullPointerException will be thrown. Either the check is useless (the variable will never be ""null"") or it is incorrect."
MissingSerialVersionUID,Error Prone,3,Serializable classes should provide a serialVersionUID field. The serialVersionUID field is also needed for abstract base classes. Each individual class in the inheritance chain needs an own serialVersionUID field. See also [Should an abstract class have a serialVersionUID](https://stackoverflow.com/questions/893259/should-an-abstract-class-have-a-serialversionuid).
MissingStaticMethodInNonInstantiatableClass,Error Prone,3,"A class that has private constructors and does not have any static methods or fields cannot be used. When one of the private constructors is annotated with one of the annotations, then the class is not considered non-instantiatable anymore and no violation will be reported. See the property `annotations`."
MoreThanOneLogger,Error Prone,2,"Normally only one logger is used in each class. This rule supports slf4j, log4j, Java Util Logging and log4j2 (since 6.19.0)."
NonCaseLabelInSwitchStatement,Error Prone,3,"A non-case label (e.g. a named break/continue label) was present in a switch statement. This legal, but confusing. It is easy to mix up the case labels and the non-case labels."
NonSerializableClass,Error Prone,3,"If a class is marked as `Serializable`, then all fields need to be serializable as well. In order to exclude a field, it can be marked as transient. Static fields are not considered. This rule reports all fields, that are not serializable. If a class implements the methods to perform manual serialization (`writeObject`, `readObject`) or uses a replacement object (`writeReplace`, `readResolve`) then this class is ignored. Note: This rule has been revamped with PMD 6.52.0. It was previously called ""BeanMembersShouldSerialize"". The property `prefix` has been deprecated, since in a serializable class all fields have to be serializable regardless of the name."
NonStaticInitializer,Error Prone,3,"A non-static initializer block will be called any time a constructor is invoked (just prior to invoking the constructor). While this is a valid language construct, it is rarely used and is confusing."
NullAssignment,Error Prone,3,"Assigning a ""null"" to a variable (outside of its declaration) is usually bad form. Sometimes, this type of assignment is an indication that the programmer doesn't completely understand what is going on in the code. NOTE: This sort of assignment may used in some cases to dereference objects and encourage garbage collection."
OverrideBothEqualsAndHashcode,Error Prone,3,"Override both public boolean Object.equals(Object other), and public int Object.hashCode(), or override neither. Even if you are inheriting a hashCode() from a parent class, consider implementing hashCode and explicitly delegating to your superclass."
ProperCloneImplementation,Error Prone,2,Object clone() should be implemented with super.clone().
ProperLogger,Error Prone,3,"A logger should normally be defined private static final and be associated with the correct class. `private final Log log;` is also allowed for rare cases where loggers need to be passed around, with the restriction that the logger needs to be passed into the constructor."
ReturnEmptyCollectionRatherThanNull,Error Prone,1,"For any method that returns an collection (such as an array, Collection or Map), it is better to return an empty one rather than a null reference. This removes the need for null checking all results and avoids inadvertent NullPointerExceptions. See Effective Java, 3rd Edition, Item 54: Return empty collections or arrays instead of null"
ReturnFromFinallyBlock,Error Prone,3,"Avoid returning from a finally block, this can discard exceptions."
SimpleDateFormatNeedsLocale,Error Prone,3,Be sure to specify a Locale when creating SimpleDateFormat instances to ensure that locale-appropriate formatting is used.
SingleMethodSingleton,Error Prone,2,"Some classes contain overloaded getInstance. The problem with overloaded getInstance methods is that the instance created using the overloaded method is not cached and so, for each call and new objects will be created for every invocation."
SingletonClassReturningNewInstance,Error Prone,2,A singleton class should only ever have one instance. Failure to check whether an instance has already been created may result in multiple instances being created.
StaticEJBFieldShouldBeFinal,Error Prone,3,"According to the J2EE specification, an EJB should not have any static fields with write access. However, static read-only fields are allowed. This ensures proper behavior especially when instances are distributed by the container on several JREs."
StringBufferInstantiationWithChar,Error Prone,4,"Individual character values provided as initialization arguments will be converted into integers. This can lead to internal buffer sizes that are larger than expected. Some examples: ``` new StringBuffer() // 16 new StringBuffer(6) // 6 new StringBuffer(""hello world"") // 11 + 16 = 27 new StringBuffer('A') // chr(A) = 65 new StringBuffer(""A"") // 1 + 16 = 17 new StringBuilder() // 16 new StringBuilder(6) // 6 new StringBuilder(""hello world"") // 11 + 16 = 27 new StringBuilder('C') // chr(C) = 67 new StringBuilder(""A"") // 1 + 16 = 17 ```"
SuspiciousEqualsMethodName,Error Prone,2,"The method name and parameter number are suspiciously close to `Object.equals`, which can denote an intention to override it. However, the method does not override `Object.equals`, but overloads it instead. Overloading `Object.equals` method is confusing for other programmers, error-prone and hard to maintain, especially when using inheritance, because `@Override` annotations used in subclasses can provide a false sense of security. For more information on `Object.equals` method, see Effective Java, 3rd Edition, Item 10: Obey the general contract when overriding equals."
SuspiciousHashcodeMethodName,Error Prone,3,"The method name and return type are suspiciously close to hashCode(), which may denote an intention to override the hashCode() method."
SuspiciousOctalEscape,Error Prone,3,"A suspicious octal escape sequence was found inside a String literal. The Java language specification (section 3.10.6) says an octal escape sequence inside a literal String shall consist of a backslash followed by: OctalDigit | OctalDigit OctalDigit | ZeroToThree OctalDigit OctalDigit Any octal escape sequence followed by non-octal digits can be confusing, e.g. ""\038"" is interpreted as the octal escape sequence ""\03"" followed by the literal character ""8""."
TestClassWithoutTestCases,Error Prone,3,"Test classes typically end with the suffix ""Test"", ""Tests"" or ""TestCase"". Having a non-test class with that name is not a good practice, since most people will assume it is a test case. Test classes have test methods named ""testXXX"" (JUnit3) or use annotations (e.g. `@Test`). The suffix can be configured using the property `testClassPattern`. To disable the detection of possible test classes by name, set this property to an empty string."
UnconditionalIfStatement,Error Prone,3,"Do not use ""if"" statements whose conditionals are always true or always false."
UnnecessaryBooleanAssertion,Error Prone,3,"A JUnit test assertion with a boolean literal is unnecessary since it always will evaluate to the same thing. Consider using flow control (in case of assertTrue(false) or similar) or simply removing statements like assertTrue(true) and assertFalse(false). If you just want a test to halt after finding an error, use the fail() method and provide an indication message of why it did."
UnnecessaryCaseChange,Error Prone,3,Using equalsIgnoreCase() is faster than using toUpperCase/toLowerCase().equals()
UnnecessaryConversionTemporary,Error Prone,3,Avoid the use temporary objects when converting primitives to Strings. Use the static conversion methods on the wrapper classes instead.
UnusedNullCheckInEquals,Error Prone,3,"After checking an object reference for null, you should invoke equals() on that object rather than passing it to another object's equals() method."
UseCorrectExceptionLogging,Error Prone,3,"To make sure the full stacktrace is printed out, use the logging statement with two arguments: a String and a Throwable."
UseEqualsToCompareStrings,Error Prone,3,Using '==' or '!=' to compare strings only works if intern version is used on both sides. Use the equals() method instead.
UselessOperationOnImmutable,Error Prone,3,"An operation on an Immutable object (String, BigDecimal or BigInteger) won't change the object itself since the result of the operation is a new object. Therefore, ignoring the operation result is an error."
UseLocaleWithCaseConversions,Error Prone,3,"When doing `String::toLowerCase()/toUpperCase()` conversions, use an explicit locale argument to specify the case transformation rules. Using `String::toLowerCase()` without arguments implicitly uses `Locale::getDefault()`. The problem is that the default locale depends on the current JVM setup (and usually on the system in which it is running). Using the system default may be exactly what you want (e.g. if you are manipulating strings you got through standard input), but it may as well not be the case (e.g. if you are getting the string over the network or a file, and the encoding is well-defined and independent of the environment). In the latter case, using the default locale makes the case transformation brittle, as it may yield unexpected results on a machine whose locale has other case translation rules. For example, in Turkish, the uppercase form of `i` is `İ` (U+0130, not ASCII) and not `I` (U+0049) as in English. The rule is intended to *force* developers to think about locales when dealing with strings. By taking a conscious decision about the choice of locale at the time of writing, you reduce the risk of surprising behaviour down the line, and communicate your intent to future readers."
UseProperClassLoader,Error Prone,3,"In J2EE, the getClassLoader() method might not work as expected. Use Thread.currentThread().getContextClassLoader() instead."
AvoidSynchronizedAtMethodLevel,Multithreading,3,Method-level synchronization can cause problems when new code is added to the method. Block-level synchronization helps to ensure that only the code that needs synchronization gets it.
AvoidThreadGroup,Multithreading,3,Avoid using java.lang.ThreadGroup; although it is intended to be used in a threaded environment it contains methods that are not thread-safe.
AvoidUsingVolatile,Multithreading,2,"Use of the keyword 'volatile' is generally used to fine tune a Java application, and therefore, requires a good expertise of the Java Memory Model. Moreover, its range of action is somewhat misknown. Therefore, the volatile keyword should not be used for maintenance purpose and portability."
DoNotUseThreads,Multithreading,3,"The J2EE specification explicitly forbids the use of threads. Threads are resources, that should be managed and monitored by the J2EE server. If the application creates threads on its own or uses own custom thread pools, then these threads are not managed, which could lead to resource exhaustion. Also, EJBs might be moved between machines in a cluster and only managed resources can be moved along."
DontCallThreadRun,Multithreading,4,"Explicitly calling Thread.run() method will execute in the caller's thread of control. Instead, call Thread.start() for the intended behavior."
DoubleCheckedLocking,Multithreading,1,"Partially created objects can be returned by the Double Checked Locking pattern when used in Java. An optimizing JRE may assign a reference to the baz variable before it calls the constructor of the object the reference points to. Note: With Java 5, you can make Double checked locking work, if you declare the variable to be `volatile`. For more details refer to: <http://www.javaworld.com/javaworld/jw-02-2001/jw-0209-double.html> or <http://www.cs.umd.edu/~pugh/java/memoryModel/DoubleCheckedLocking.html>"
NonThreadSafeSingleton,Multithreading,3,"Non-thread safe singletons can result in bad state changes. Eliminate static singletons if possible by instantiating the object directly. Static singletons are usually not needed as only a single instance exists anyway. Other possible fixes are to synchronize the entire method or to use an [initialize-on-demand holder class](https://en.wikipedia.org/wiki/Initialization-on-demand_holder_idiom). Refrain from using the double-checked locking pattern. The Java Memory Model doesn't guarantee it to work unless the variable is declared as `volatile`, adding an uneeded performance penalty. [Reference](http://www.cs.umd.edu/~pugh/java/memoryModel/DoubleCheckedLocking.html) See Effective Java, item 48."
UnsynchronizedStaticFormatter,Multithreading,3,"Instances of `java.text.Format` are generally not synchronized. Sun recommends using separate format instances for each thread. If multiple threads must access a static formatter, the formatter must be synchronized on block level."
UseConcurrentHashMap,Multithreading,3,"Since Java5 brought a new implementation of the Map designed for multi-threaded access, you can perform efficient map reads without blocking other threads."
UseNotifyAllInsteadOfNotify,Multithreading,3,"Thread.notify() awakens a thread monitoring the object. If more than one thread is monitoring, then only one is chosen. The thread chosen is arbitrary; thus its usually safer to call notifyAll() instead."
AddEmptyString,Performance,3,The conversion of literals to strings by concatenating them with empty strings is inefficient. It is much better to use one of the type-specific `toString()` methods instead or `String.valueOf()`.
AppendCharacterWithChar,Performance,3,Avoid concatenating characters as strings in StringBuffer/StringBuilder.append methods.
AvoidArrayLoops,Performance,3,"Instead of manually copying data between two arrays, use the more efficient `Arrays.copyOf` or `System.arraycopy` method instead. To copy only part of the array, use `Arrays.copyOfRange` or `System.arraycopy`. If you want to copy/move elements inside the _same_ array (e.g. shift the elements), use `System.arraycopy`."
AvoidCalendarDateCreation,Performance,3,"Problem: A Calendar is a heavyweight object and expensive to create. Solution: Use `new Date()`, Java 8+ `java.time.LocalDateTime.now()` or `ZonedDateTime.now()`."
AvoidFileStream,Performance,1,"The FileInputStream and FileOutputStream classes contains a finalizer method which will cause garbage collection pauses. See [JDK-8080225](https://bugs.openjdk.java.net/browse/JDK-8080225) for details. The FileReader and FileWriter constructors instantiate FileInputStream and FileOutputStream, again causing garbage collection issues while finalizer methods are called. * Use `Files.newInputStream(Paths.get(fileName))` instead of `new FileInputStream(fileName)`. * Use `Files.newOutputStream(Paths.get(fileName))` instead of `new FileOutputStream(fileName)`. * Use `Files.newBufferedReader(Paths.get(fileName))` instead of `new FileReader(fileName)`. * Use `Files.newBufferedWriter(Paths.get(fileName))` instead of `new FileWriter(fileName)`. Please note, that the `java.nio` API does not throw a `FileNotFoundException` anymore, instead it throws a `NoSuchFileException`. If your code dealt explicitly with a `FileNotFoundException`, then this needs to be adjusted. Both exceptions are subclasses of `IOException`, so catching that one covers both."
AvoidInstantiatingObjectsInLoops,Performance,3,New objects created within loops should be checked to see if they can created outside them and reused.
BigIntegerInstantiation,Performance,3,"Don't create instances of already existing BigInteger (BigInteger.ZERO, BigInteger.ONE) and for Java 1.5 onwards, BigInteger.TEN and BigDecimal (BigDecimal.ZERO, BigDecimal.ONE, BigDecimal.TEN)"
ConsecutiveAppendsShouldReuse,Performance,3,"Consecutive calls to StringBuffer/StringBuilder .append should be chained, reusing the target object. This can improve the performance by producing a smaller bytecode, reducing overhead and improving inlining. A complete analysis can be found [here](https://github.com/pmd/pmd/issues/202#issuecomment-274349067)"
ConsecutiveLiteralAppends,Performance,3,"Consecutively calling StringBuffer/StringBuilder.append(...) with literals should be avoided. Since the literals are constants, they can already be combined into a single String literal and this String can be appended in a single method call."
InefficientEmptyStringCheck,Performance,3,"String.trim().length() == 0 (or String.trim().isEmpty() for the same reason) is an inefficient way to check if a String is really blank, as it creates a new String object just to check its size. Consider creating a static function that loops through a string, checking Character.isWhitespace() on each character and returning false if a non-whitespace character is found. A Smarter code to check for an empty string would be: ```java private boolean checkTrimEmpty(String str) { for(int i = 0; i < str.length(); i++) { if(!Character.isWhitespace(str.charAt(i))) { return false; } } return true; } ``` You can refer to Apache's StringUtils#isBlank (in commons-lang), Spring's StringUtils#hasText (in the Spring framework) or Google's CharMatcher#whitespace (in Guava) for existing implementations (some might include the check for != null)."
InefficientStringBuffering,Performance,3,Avoid concatenating non-literals in a StringBuffer constructor or append() since intermediate buffers will need to be be created and destroyed by the JVM.
InsufficientStringBufferDeclaration,Performance,3,"Failing to pre-size a StringBuffer or StringBuilder properly could cause it to re-size many times during runtime. This rule attempts to determine the total number the characters that are actually passed into StringBuffer.append(), but represents a best guess ""worst case"" scenario. An empty StringBuffer/StringBuilder constructor initializes the object to 16 characters. This default is assumed if the length of the constructor can not be determined."
OptimizableToArrayCall,Performance,3,"Calls to a collection's `toArray(E[])` method should specify a target array of zero size. This allows the JVM to optimize the memory allocation and copying as much as possible. Previous versions of this rule (pre PMD 6.0.0) suggested the opposite, but current JVM implementations perform always better, when they have full control over the target array. And allocation an array via reflection is nowadays as fast as the direct allocation. See also [Arrays of Wisdom of the Ancients](https://shipilev.net/blog/2016/arrays-wisdom-ancients/) Note: If you don't need an array of the correct type, then the simple `toArray()` method without an array is faster, but returns only an array of type `Object[]`."
RedundantFieldInitializer,Performance,3,Java will initialize fields with known default values so any explicit initialization of those same defaults is redundant and results in a larger class file (approximately three additional bytecode instructions per field).
StringInstantiation,Performance,2,Avoid instantiating String objects; this is usually unnecessary since they are immutable and can be safely shared.
StringToString,Performance,3,Avoid calling toString() on objects already known to be string instances; this is unnecessary.
TooFewBranchesForASwitchStatement,Performance,3,"Switch statements are intended to be used to support complex branching behaviour. Using a switch for only a few cases is ill-advised, since switches are not as easy to understand as if-else statements. In these cases use the if-else statement to increase code readability."
UseArrayListInsteadOfVector,Performance,3,ArrayList is a much better Collection implementation than Vector if thread-safe operation is not required.
UseArraysAsList,Performance,3,"The `java.util.Arrays` class has a `asList()` method that should be used when you want to create a new List from an array of objects. It is faster than executing a loop to copy all the elements of the array one by one. Note that the result of `Arrays.asList()` is backed by the specified array, changes in the returned list will result in the array to be modified. For that reason, it is not possible to add new elements to the returned list of `Arrays.asList()` (UnsupportedOperationException). You must use `new ArrayList<>(Arrays.asList(...))` if that is inconvenient for you (e.g. because of concurrent access)."
UseIndexOfChar,Performance,3,Use String.indexOf(char) when checking for the index of a single character; it executes faster.
UseIOStreamsWithApacheCommonsFileItem,Performance,3,Problem: Use of [FileItem.get()](https://commons.apache.org/proper/commons-fileupload/apidocs/org/apache/commons/fileupload/FileItem.html#get--) and [FileItem.getString()](https://commons.apache.org/proper/commons-fileupload/apidocs/org/apache/commons/fileupload/FileItem.html#getString--) could exhaust memory since they load the entire file into memory. Solution: Use [FileItem.getInputStream()](https://commons.apache.org/proper/commons-fileupload/apidocs/org/apache/commons/fileupload/FileItem.html#getInputStream--) and buffering.
UselessStringValueOf,Performance,3,No need to call String.valueOf to append to a string; just use the valueOf() argument directly.
UseStringBufferForStringAppends,Performance,3,The use of the '+=' operator for appending strings causes the JVM to create and use an internal StringBuffer. If a non-trivial number of these concatenations are being used then the explicit use of a StringBuilder or threadsafe StringBuffer is recommended to avoid this.
UseStringBufferLength,Performance,3,"Use StringBuffer.length() to determine StringBuffer length rather than using StringBuffer.toString().equals("""") or StringBuffer.toString().length() == ..."
HardCodedCryptoKey,Security,3,Do not use hard coded values for cryptographic operations. Please store keys outside of source code.
InsecureCryptoIv,Security,3,Do not use hard coded initialization vector in cryptographic operations. Please use a randomly generated IV.
